USE SpaceTravelDB;
INSERT INTO Client (name) VALUES
                              ('Alice Smith'),
                              ('Bob Johnson'),
                              ('Charlie Brown'),
                              ('David Wilson'),
                              ('Eva Green'),
                              ('Frank Miller'),
                              ('Grace Lee'),
                              ('Henry Taylor'),
                              ('Ivy Clark'),
                              ('Jack White'),
                              ('Kathy Davis'),
                              ('Leo Walker'),
                              ('Mia Harris'),
                              ('Noah Martin'),
                              ('Olivia Thompson'),
                              ('Paul Robinson');
INSERT INTO Planet (id, name) VALUES
                                  ('EARTH1', 'Earth'),
                                  ('MARS1', 'Mars'),
                                  ('VENUS1', 'Venus'),
                                  ('JUPITER1', 'Jupiter'),
                                  ('SATURN1', 'Saturn'),
                                  ('URANUS1', 'Uranus'),
                                  ('NEPTUNE1', 'Neptune'),
                                  ('PLUTO1', 'Pluto'),
                                  ('MERCURY1', 'Mercury'),
                                  ('CERES1', 'Ceres'),
                                  ('ERIS1', 'Eris'),
                                  ('HAUMEA1', 'Haumea'),
                                  ('MAKEMAKE1', 'Makemake'),
                                  ('SEDNA1', 'Sedna'),
                                  ('TRITON1', 'Triton'),
                                  ('IO1', 'Io');
INSERT INTO Ticket (client_id, from_planet_id, to_planet_id) VALUES
                                                                 (1, 'EARTH1', 'MARS1'),
                                                                 (2, 'MARS1', 'VENUS1'),
                                                                 (3, 'VENUS1', 'JUPITER1'),
                                                                 (4, 'JUPITER1', 'SATURN1'),
                                                                 (5, 'SATURN1', 'URANUS1'),
                                                                 (6, 'URANUS1', 'NEPTUNE1'),
                                                                 (7, 'NEPTUNE1', 'PLUTO1'),
                                                                 (8, 'PLUTO1', 'MERCURY1'),
                                                                 (9, 'CERES1', 'ERIS1'),
                                                                 (10, 'HAUMEA1', 'MAKEMAKE1'),
                                                                 (11, 'SEDNA1', 'TRITON1'),
                                                                 (12, 'IO1', 'EARTH1'),
                                                                 (13, 'MARS1', 'JUPITER1'),
                                                                 (14, 'VENUS1', 'SATURN1'),
                                                                 (15, 'URANUS1', 'NEPTUNE1');
